tahun,kode_wilayah,kabupaten_kota,kategori_wisata,jumlah_objek_wisata,is_zero_record,wilayah,total_objek_wisata
2014,3201,KABUPATEN BOGOR,ALAM,38,False,Bogor-Sukabumi,45
2014,3201,KABUPATEN BOGOR,BUDAYA,3,False,Bogor-Sukabumi,45
2014,3201,KABUPATEN BOGOR,MINAT KHUSUS,4,False,Bogor-Sukabumi,45
2014,3202,KABUPATEN SUKABUMI,ALAM,36,False,Bogor-Sukabumi,50
2014,3202,KABUPATEN SUKABUMI,BUDAYA,7,False,Bogor-Sukabumi,50
2014,3202,KABUPATEN SUKABUMI,MINAT KHUSUS,7,False,Bogor-Sukabumi,50
2014,3203,KABUPATEN CIANJUR,ALAM,12,False,Priangan Barat,17
2014,3203,KABUPATEN CIANJUR,BUDAYA,4,False,Priangan Barat,17
2014,3203,KABUPATEN CIANJUR,MINAT KHUSUS,1,False,Priangan Barat,17
2014,3204,KABUPATEN BANDUNG,ALAM,39,False,Priangan Barat,53
2014,3204,KABUPATEN BANDUNG,BUDAYA,14,False,Priangan Barat,53
2014,3204,KABUPATEN BANDUNG,MINAT KHUSUS,0,True,Priangan Barat,53
2014,3205,KABUPATEN GARUT,ALAM,28,False,Priangan Timur,39
2014,3205,KABUPATEN GARUT,BUDAYA,5,False,Priangan Timur,39
2014,3205,KABUPATEN GARUT,MINAT KHUSUS,6,False,Priangan Timur,39
2014,3206,KABUPATEN TASIKMALAYA,ALAM,10,False,Priangan Timur,13
2014,3206,KABUPATEN TASIKMALAYA,BUDAYA,2,False,Priangan Timur,13
2014,3206,KABUPATEN TASIKMALAYA,MINAT KHUSUS,1,False,Priangan Timur,13
2014,3207,KABUPATEN CIAMIS,ALAM,11,False,Priangan Timur,23
2014,3207,KABUPATEN CIAMIS,BUDAYA,6,False,Priangan Timur,23
2014,3207,KABUPATEN CIAMIS,MINAT KHUSUS,6,False,Priangan Timur,23
2014,3208,KABUPATEN KUNINGAN,ALAM,19,False,Pantura Timur,28
2014,3208,KABUPATEN KUNINGAN,BUDAYA,6,False,Pantura Timur,28
2014,3208,KABUPATEN KUNINGAN,MINAT KHUSUS,3,False,Pantura Timur,28
2014,3209,KABUPATEN CIREBON,ALAM,7,False,Pantura Timur,11
2014,3209,KABUPATEN CIREBON,BUDAYA,4,False,Pantura Timur,11
2014,3209,KABUPATEN CIREBON,MINAT KHUSUS,0,True,Pantura Timur,11
2014,3210,KABUPATEN MAJALENGKA,ALAM,11,False,Pantura Timur,13
2014,3210,KABUPATEN MAJALENGKA,BUDAYA,0,True,Pantura Timur,13
2014,3210,KABUPATEN MAJALENGKA,MINAT KHUSUS,2,False,Pantura Timur,13
2014,3211,KABUPATEN SUMEDANG,ALAM,14,False,Priangan Barat,29
2014,3211,KABUPATEN SUMEDANG,BUDAYA,7,False,Priangan Barat,29
2014,3211,KABUPATEN SUMEDANG,MINAT KHUSUS,8,False,Priangan Barat,29
2014,3212,KABUPATEN INDRAMAYU,ALAM,4,False,Pantura Timur,5
2014,3212,KABUPATEN INDRAMAYU,BUDAYA,1,False,Pantura Timur,5
2014,3212,KABUPATEN INDRAMAYU,MINAT KHUSUS,0,True,Pantura Timur,5
2014,3213,KABUPATEN SUBANG,ALAM,31,False,Pantura Barat,67
2014,3213,KABUPATEN SUBANG,BUDAYA,11,False,Pantura Barat,67
2014,3213,KABUPATEN SUBANG,MINAT KHUSUS,25,False,Pantura Barat,67
2014,3214,KABUPATEN PURWAKARTA,ALAM,9,False,Pantura Barat,24
2014,3214,KABUPATEN PURWAKARTA,BUDAYA,7,False,Pantura Barat,24
2014,3214,KABUPATEN PURWAKARTA,MINAT KHUSUS,8,False,Pantura Barat,24
2014,3215,KABUPATEN KARAWANG,ALAM,12,False,Pantura Barat,24
2014,3215,KABUPATEN KARAWANG,BUDAYA,9,False,Pantura Barat,24
2014,3215,KABUPATEN KARAWANG,MINAT KHUSUS,3,False,Pantura Barat,24
2014,3216,KABUPATEN BEKASI,ALAM,4,False,Pantura Barat,10
2014,3216,KABUPATEN BEKASI,BUDAYA,3,False,Pantura Barat,10
2014,3216,KABUPATEN BEKASI,MINAT KHUSUS,3,False,Pantura Barat,10
2014,3217,KABUPATEN BANDUNG BARAT,ALAM,26,False,Priangan Barat,39
2014,3217,KABUPATEN BANDUNG BARAT,BUDAYA,10,False,Priangan Barat,39
2014,3217,KABUPATEN BANDUNG BARAT,MINAT KHUSUS,3,False,Priangan Barat,39
2014,3271,KOTA BOGOR,ALAM,0,True,Bogor-Sukabumi,57
2014,3271,KOTA BOGOR,BUDAYA,2,False,Bogor-Sukabumi,57
2014,3271,KOTA BOGOR,MINAT KHUSUS,55,False,Bogor-Sukabumi,57
2014,3272,KOTA SUKABUMI,ALAM,2,False,Bogor-Sukabumi,2
2014,3272,KOTA SUKABUMI,BUDAYA,0,True,Bogor-Sukabumi,2
2014,3272,KOTA SUKABUMI,MINAT KHUSUS,0,True,Bogor-Sukabumi,2
2014,3273,KOTA BANDUNG,ALAM,3,False,Priangan Barat,14
2014,3273,KOTA BANDUNG,BUDAYA,3,False,Priangan Barat,14
2014,3273,KOTA BANDUNG,MINAT KHUSUS,8,False,Priangan Barat,14
2014,3274,KOTA CIREBON,ALAM,1,False,Pantura Timur,10
2014,3274,KOTA CIREBON,BUDAYA,8,False,Pantura Timur,10
2014,3274,KOTA CIREBON,MINAT KHUSUS,1,False,Pantura Timur,10
2014,3275,KOTA BEKASI,ALAM,0,True,Pantura Barat,0
2014,3275,KOTA BEKASI,BUDAYA,0,True,Pantura Barat,0
2014,3275,KOTA BEKASI,MINAT KHUSUS,0,True,Pantura Barat,0
2014,3276,KOTA DEPOK,ALAM,6,False,Pantura Barat,6
2014,3276,KOTA DEPOK,BUDAYA,0,True,Pantura Barat,6
2014,3276,KOTA DEPOK,MINAT KHUSUS,0,True,Pantura Barat,6
2014,3277,KOTA CIMAHI,ALAM,0,True,Priangan Barat,0
2014,3277,KOTA CIMAHI,BUDAYA,0,True,Priangan Barat,0
2014,3277,KOTA CIMAHI,MINAT KHUSUS,0,True,Priangan Barat,0
2014,3278,KOTA TASIKMALAYA,ALAM,3,False,Priangan Timur,7
2014,3278,KOTA TASIKMALAYA,BUDAYA,4,False,Priangan Timur,7
2014,3278,KOTA TASIKMALAYA,MINAT KHUSUS,0,True,Priangan Timur,7
2014,3279,KOTA BANJAR,ALAM,1,False,Priangan Timur,1
2014,3279,KOTA BANJAR,BUDAYA,0,True,Priangan Timur,1
2014,3279,KOTA BANJAR,MINAT KHUSUS,0,True,Priangan Timur,1
2015,3201,KABUPATEN BOGOR,ALAM,38,False,Bogor-Sukabumi,45
2015,3201,KABUPATEN BOGOR,BUDAYA,3,False,Bogor-Sukabumi,45
2015,3201,KABUPATEN BOGOR,MINAT KHUSUS,4,False,Bogor-Sukabumi,45
2015,3202,KABUPATEN SUKABUMI,ALAM,36,False,Bogor-Sukabumi,50
2015,3202,KABUPATEN SUKABUMI,BUDAYA,7,False,Bogor-Sukabumi,50
2015,3202,KABUPATEN SUKABUMI,MINAT KHUSUS,7,False,Bogor-Sukabumi,50
2015,3203,KABUPATEN CIANJUR,ALAM,9,False,Priangan Barat,16
2015,3203,KABUPATEN CIANJUR,BUDAYA,3,False,Priangan Barat,16
2015,3203,KABUPATEN CIANJUR,MINAT KHUSUS,4,False,Priangan Barat,16
2015,3204,KABUPATEN BANDUNG,ALAM,78,False,Priangan Barat,119
2015,3204,KABUPATEN BANDUNG,BUDAYA,41,False,Priangan Barat,119
2015,3204,KABUPATEN BANDUNG,MINAT KHUSUS,0,True,Priangan Barat,119
2015,3205,KABUPATEN GARUT,ALAM,28,False,Priangan Timur,39
2015,3205,KABUPATEN GARUT,BUDAYA,5,False,Priangan Timur,39
2015,3205,KABUPATEN GARUT,MINAT KHUSUS,6,False,Priangan Timur,39
2015,3206,KABUPATEN TASIKMALAYA,ALAM,10,False,Priangan Timur,13
2015,3206,KABUPATEN TASIKMALAYA,BUDAYA,2,False,Priangan Timur,13
2015,3206,KABUPATEN TASIKMALAYA,MINAT KHUSUS,1,False,Priangan Timur,13
2015,3207,KABUPATEN CIAMIS,ALAM,1,False,Priangan Timur,9
2015,3207,KABUPATEN CIAMIS,BUDAYA,6,False,Priangan Timur,9
2015,3207,KABUPATEN CIAMIS,MINAT KHUSUS,2,False,Priangan Timur,9
2015,3208,KABUPATEN KUNINGAN,ALAM,19,False,Pantura Timur,28
2015,3208,KABUPATEN KUNINGAN,BUDAYA,6,False,Pantura Timur,28
2015,3208,KABUPATEN KUNINGAN,MINAT KHUSUS,3,False,Pantura Timur,28
2015,3209,KABUPATEN CIREBON,ALAM,7,False,Pantura Timur,11
2015,3209,KABUPATEN CIREBON,BUDAYA,4,False,Pantura Timur,11
2015,3209,KABUPATEN CIREBON,MINAT KHUSUS,0,True,Pantura Timur,11
2015,3210,KABUPATEN MAJALENGKA,ALAM,9,False,Pantura Timur,9
2015,3210,KABUPATEN MAJALENGKA,BUDAYA,0,True,Pantura Timur,9
2015,3210,KABUPATEN MAJALENGKA,MINAT KHUSUS,0,True,Pantura Timur,9
2015,3211,KABUPATEN SUMEDANG,ALAM,10,False,Priangan Barat,22
2015,3211,KABUPATEN SUMEDANG,BUDAYA,7,False,Priangan Barat,22
2015,3211,KABUPATEN SUMEDANG,MINAT KHUSUS,5,False,Priangan Barat,22
2015,3212,KABUPATEN INDRAMAYU,ALAM,4,False,Pantura Timur,5
2015,3212,KABUPATEN INDRAMAYU,BUDAYA,1,False,Pantura Timur,5
2015,3212,KABUPATEN INDRAMAYU,MINAT KHUSUS,0,True,Pantura Timur,5
2015,3213,KABUPATEN SUBANG,ALAM,31,False,Pantura Barat,67
2015,3213,KABUPATEN SUBANG,BUDAYA,11,False,Pantura Barat,67
2015,3213,KABUPATEN SUBANG,MINAT KHUSUS,25,False,Pantura Barat,67
2015,3214,KABUPATEN PURWAKARTA,ALAM,9,False,Pantura Barat,25
2015,3214,KABUPATEN PURWAKARTA,BUDAYA,7,False,Pantura Barat,25
2015,3214,KABUPATEN PURWAKARTA,MINAT KHUSUS,9,False,Pantura Barat,25
2015,3215,KABUPATEN KARAWANG,ALAM,12,False,Pantura Barat,24
2015,3215,KABUPATEN KARAWANG,BUDAYA,9,False,Pantura Barat,24
2015,3215,KABUPATEN KARAWANG,MINAT KHUSUS,3,False,Pantura Barat,24
2015,3216,KABUPATEN BEKASI,ALAM,4,False,Pantura Barat,10
2015,3216,KABUPATEN BEKASI,BUDAYA,3,False,Pantura Barat,10
2015,3216,KABUPATEN BEKASI,MINAT KHUSUS,3,False,Pantura Barat,10
2015,3217,KABUPATEN BANDUNG BARAT,ALAM,26,False,Priangan Barat,39
2015,3217,KABUPATEN BANDUNG BARAT,BUDAYA,10,False,Priangan Barat,39
2015,3217,KABUPATEN BANDUNG BARAT,MINAT KHUSUS,3,False,Priangan Barat,39
2015,3218,KABUPATEN PANGANDARAN,ALAM,0,True,Priangan Timur,0
2015,3218,KABUPATEN PANGANDARAN,BUDAYA,0,True,Priangan Timur,0
2015,3218,KABUPATEN PANGANDARAN,MINAT KHUSUS,0,True,Priangan Timur,0
2015,3271,KOTA BOGOR,ALAM,0,True,Bogor-Sukabumi,57
2015,3271,KOTA BOGOR,BUDAYA,2,False,Bogor-Sukabumi,57
2015,3271,KOTA BOGOR,MINAT KHUSUS,55,False,Bogor-Sukabumi,57
2015,3272,KOTA SUKABUMI,ALAM,2,False,Bogor-Sukabumi,2
2015,3272,KOTA SUKABUMI,BUDAYA,0,True,Bogor-Sukabumi,2
2015,3272,KOTA SUKABUMI,MINAT KHUSUS,0,True,Bogor-Sukabumi,2
2015,3273,KOTA BANDUNG,ALAM,3,False,Priangan Barat,14
2015,3273,KOTA BANDUNG,BUDAYA,3,False,Priangan Barat,14
2015,3273,KOTA BANDUNG,MINAT KHUSUS,8,False,Priangan Barat,14
2015,3274,KOTA CIREBON,ALAM,1,False,Pantura Timur,10
2015,3274,KOTA CIREBON,BUDAYA,8,False,Pantura Timur,10
2015,3274,KOTA CIREBON,MINAT KHUSUS,1,False,Pantura Timur,10
2015,3275,KOTA BEKASI,ALAM,0,True,Pantura Barat,0
2015,3275,KOTA BEKASI,BUDAYA,0,True,Pantura Barat,0
2015,3275,KOTA BEKASI,MINAT KHUSUS,0,True,Pantura Barat,0
2015,3276,KOTA DEPOK,ALAM,6,False,Pantura Barat,6
2015,3276,KOTA DEPOK,BUDAYA,0,True,Pantura Barat,6
2015,3276,KOTA DEPOK,MINAT KHUSUS,0,True,Pantura Barat,6
2015,3277,KOTA CIMAHI,ALAM,0,True,Priangan Barat,0
2015,3277,KOTA CIMAHI,BUDAYA,0,True,Priangan Barat,0
2015,3277,KOTA CIMAHI,MINAT KHUSUS,0,True,Priangan Barat,0
2015,3278,KOTA TASIKMALAYA,ALAM,3,False,Priangan Timur,7
2015,3278,KOTA TASIKMALAYA,BUDAYA,4,False,Priangan Timur,7
2015,3278,KOTA TASIKMALAYA,MINAT KHUSUS,0,True,Priangan Timur,7
2015,3279,KOTA BANJAR,ALAM,1,False,Priangan Timur,1
2015,3279,KOTA BANJAR,BUDAYA,0,True,Priangan Timur,1
2015,3279,KOTA BANJAR,MINAT KHUSUS,0,True,Priangan Timur,1
2016,3201,KABUPATEN BOGOR,ALAM,38,False,Bogor-Sukabumi,45
2016,3201,KABUPATEN BOGOR,BUDAYA,3,False,Bogor-Sukabumi,45
2016,3201,KABUPATEN BOGOR,MINAT KHUSUS,4,False,Bogor-Sukabumi,45
2016,3202,KABUPATEN SUKABUMI,ALAM,36,False,Bogor-Sukabumi,50
2016,3202,KABUPATEN SUKABUMI,BUDAYA,7,False,Bogor-Sukabumi,50
2016,3202,KABUPATEN SUKABUMI,MINAT KHUSUS,7,False,Bogor-Sukabumi,50
2016,3203,KABUPATEN CIANJUR,ALAM,9,False,Priangan Barat,16
2016,3203,KABUPATEN CIANJUR,BUDAYA,3,False,Priangan Barat,16
2016,3203,KABUPATEN CIANJUR,MINAT KHUSUS,4,False,Priangan Barat,16
2016,3204,KABUPATEN BANDUNG,ALAM,56,False,Priangan Barat,64
2016,3204,KABUPATEN BANDUNG,BUDAYA,8,False,Priangan Barat,64
2016,3204,KABUPATEN BANDUNG,MINAT KHUSUS,0,True,Priangan Barat,64
2016,3205,KABUPATEN GARUT,ALAM,24,False,Priangan Timur,38
2016,3205,KABUPATEN GARUT,BUDAYA,10,False,Priangan Timur,38
2016,3205,KABUPATEN GARUT,MINAT KHUSUS,4,False,Priangan Timur,38
2016,3206,KABUPATEN TASIKMALAYA,ALAM,10,False,Priangan Timur,13
2016,3206,KABUPATEN TASIKMALAYA,BUDAYA,2,False,Priangan Timur,13
2016,3206,KABUPATEN TASIKMALAYA,MINAT KHUSUS,1,False,Priangan Timur,13
2016,3207,KABUPATEN CIAMIS,ALAM,2,False,Priangan Timur,9
2016,3207,KABUPATEN CIAMIS,BUDAYA,6,False,Priangan Timur,9
2016,3207,KABUPATEN CIAMIS,MINAT KHUSUS,1,False,Priangan Timur,9
2016,3208,KABUPATEN KUNINGAN,ALAM,19,False,Pantura Timur,28
2016,3208,KABUPATEN KUNINGAN,BUDAYA,6,False,Pantura Timur,28
2016,3208,KABUPATEN KUNINGAN,MINAT KHUSUS,3,False,Pantura Timur,28
2016,3209,KABUPATEN CIREBON,ALAM,7,False,Pantura Timur,11
2016,3209,KABUPATEN CIREBON,BUDAYA,4,False,Pantura Timur,11
2016,3209,KABUPATEN CIREBON,MINAT KHUSUS,0,True,Pantura Timur,11
2016,3210,KABUPATEN MAJALENGKA,ALAM,29,False,Pantura Timur,49
2016,3210,KABUPATEN MAJALENGKA,BUDAYA,9,False,Pantura Timur,49
2016,3210,KABUPATEN MAJALENGKA,MINAT KHUSUS,11,False,Pantura Timur,49
2016,3211,KABUPATEN SUMEDANG,ALAM,12,False,Priangan Barat,24
2016,3211,KABUPATEN SUMEDANG,BUDAYA,7,False,Priangan Barat,24
2016,3211,KABUPATEN SUMEDANG,MINAT KHUSUS,5,False,Priangan Barat,24
2016,3212,KABUPATEN INDRAMAYU,ALAM,1,False,Pantura Timur,1
2016,3212,KABUPATEN INDRAMAYU,BUDAYA,0,True,Pantura Timur,1
2016,3212,KABUPATEN INDRAMAYU,MINAT KHUSUS,0,True,Pantura Timur,1
2016,3213,KABUPATEN SUBANG,ALAM,27,False,Pantura Barat,59
2016,3213,KABUPATEN SUBANG,BUDAYA,9,False,Pantura Barat,59
2016,3213,KABUPATEN SUBANG,MINAT KHUSUS,23,False,Pantura Barat,59
2016,3214,KABUPATEN PURWAKARTA,ALAM,9,False,Pantura Barat,26
2016,3214,KABUPATEN PURWAKARTA,BUDAYA,8,False,Pantura Barat,26
2016,3214,KABUPATEN PURWAKARTA,MINAT KHUSUS,9,False,Pantura Barat,26
2016,3215,KABUPATEN KARAWANG,ALAM,12,False,Pantura Barat,24
2016,3215,KABUPATEN KARAWANG,BUDAYA,9,False,Pantura Barat,24
2016,3215,KABUPATEN KARAWANG,MINAT KHUSUS,3,False,Pantura Barat,24
2016,3216,KABUPATEN BEKASI,ALAM,4,False,Pantura Barat,10
2016,3216,KABUPATEN BEKASI,BUDAYA,3,False,Pantura Barat,10
2016,3216,KABUPATEN BEKASI,MINAT KHUSUS,3,False,Pantura Barat,10
2016,3217,KABUPATEN BANDUNG BARAT,ALAM,26,False,Priangan Barat,39
2016,3217,KABUPATEN BANDUNG BARAT,BUDAYA,10,False,Priangan Barat,39
2016,3217,KABUPATEN BANDUNG BARAT,MINAT KHUSUS,3,False,Priangan Barat,39
2016,3218,KABUPATEN PANGANDARAN,ALAM,11,False,Priangan Timur,30
2016,3218,KABUPATEN PANGANDARAN,BUDAYA,5,False,Priangan Timur,30
2016,3218,KABUPATEN PANGANDARAN,MINAT KHUSUS,14,False,Priangan Timur,30
2016,3271,KOTA BOGOR,ALAM,5,False,Bogor-Sukabumi,22
2016,3271,KOTA BOGOR,BUDAYA,8,False,Bogor-Sukabumi,22
2016,3271,KOTA BOGOR,MINAT KHUSUS,9,False,Bogor-Sukabumi,22
2016,3272,KOTA SUKABUMI,ALAM,2,False,Bogor-Sukabumi,2
2016,3272,KOTA SUKABUMI,BUDAYA,0,True,Bogor-Sukabumi,2
2016,3272,KOTA SUKABUMI,MINAT KHUSUS,0,True,Bogor-Sukabumi,2
2016,3273,KOTA BANDUNG,ALAM,3,False,Priangan Barat,14
2016,3273,KOTA BANDUNG,BUDAYA,3,False,Priangan Barat,14
2016,3273,KOTA BANDUNG,MINAT KHUSUS,8,False,Priangan Barat,14
2016,3274,KOTA CIREBON,ALAM,1,False,Pantura Timur,17
2016,3274,KOTA CIREBON,BUDAYA,14,False,Pantura Timur,17
2016,3274,KOTA CIREBON,MINAT KHUSUS,2,False,Pantura Timur,17
2016,3275,KOTA BEKASI,ALAM,0,True,Pantura Barat,0
2016,3275,KOTA BEKASI,BUDAYA,0,True,Pantura Barat,0
2016,3275,KOTA BEKASI,MINAT KHUSUS,0,True,Pantura Barat,0
2016,3276,KOTA DEPOK,ALAM,6,False,Pantura Barat,21
2016,3276,KOTA DEPOK,BUDAYA,6,False,Pantura Barat,21
2016,3276,KOTA DEPOK,MINAT KHUSUS,9,False,Pantura Barat,21
2016,3277,KOTA CIMAHI,ALAM,3,False,Priangan Barat,6
2016,3277,KOTA CIMAHI,BUDAYA,2,False,Priangan Barat,6
2016,3277,KOTA CIMAHI,MINAT KHUSUS,1,False,Priangan Barat,6
2016,3278,KOTA TASIKMALAYA,ALAM,4,False,Priangan Timur,11
2016,3278,KOTA TASIKMALAYA,BUDAYA,5,False,Priangan Timur,11
2016,3278,KOTA TASIKMALAYA,MINAT KHUSUS,2,False,Priangan Timur,11
2016,3279,KOTA BANJAR,ALAM,1,False,Priangan Timur,2
2016,3279,KOTA BANJAR,BUDAYA,1,False,Priangan Timur,2
2016,3279,KOTA BANJAR,MINAT KHUSUS,0,True,Priangan Timur,2
2017,3201,KABUPATEN BOGOR,ALAM,55,False,Bogor-Sukabumi,86
2017,3201,KABUPATEN BOGOR,BUDAYA,3,False,Bogor-Sukabumi,86
2017,3201,KABUPATEN BOGOR,MINAT KHUSUS,28,False,Bogor-Sukabumi,86
2017,3202,KABUPATEN SUKABUMI,ALAM,36,False,Bogor-Sukabumi,50
2017,3202,KABUPATEN SUKABUMI,BUDAYA,7,False,Bogor-Sukabumi,50
2017,3202,KABUPATEN SUKABUMI,MINAT KHUSUS,7,False,Bogor-Sukabumi,50
2017,3203,KABUPATEN CIANJUR,ALAM,12,False,Priangan Barat,19
2017,3203,KABUPATEN CIANJUR,BUDAYA,3,False,Priangan Barat,19
2017,3203,KABUPATEN CIANJUR,MINAT KHUSUS,4,False,Priangan Barat,19
2017,3204,KABUPATEN BANDUNG,ALAM,56,False,Priangan Barat,64
2017,3204,KABUPATEN BANDUNG,BUDAYA,8,False,Priangan Barat,64
2017,3204,KABUPATEN BANDUNG,MINAT KHUSUS,0,True,Priangan Barat,64
2017,3205,KABUPATEN GARUT,ALAM,30,False,Priangan Timur,43
2017,3205,KABUPATEN GARUT,BUDAYA,6,False,Priangan Timur,43
2017,3205,KABUPATEN GARUT,MINAT KHUSUS,7,False,Priangan Timur,43
2017,3206,KABUPATEN TASIKMALAYA,ALAM,59,False,Priangan Timur,146
2017,3206,KABUPATEN TASIKMALAYA,BUDAYA,84,False,Priangan Timur,146
2017,3206,KABUPATEN TASIKMALAYA,MINAT KHUSUS,3,False,Priangan Timur,146
2017,3207,KABUPATEN CIAMIS,ALAM,82,False,Priangan Timur,129
2017,3207,KABUPATEN CIAMIS,BUDAYA,45,False,Priangan Timur,129
2017,3207,KABUPATEN CIAMIS,MINAT KHUSUS,2,False,Priangan Timur,129
2017,3208,KABUPATEN KUNINGAN,ALAM,19,False,Pantura Timur,28
2017,3208,KABUPATEN KUNINGAN,BUDAYA,6,False,Pantura Timur,28
2017,3208,KABUPATEN KUNINGAN,MINAT KHUSUS,3,False,Pantura Timur,28
2017,3209,KABUPATEN CIREBON,ALAM,7,False,Pantura Timur,11
2017,3209,KABUPATEN CIREBON,BUDAYA,4,False,Pantura Timur,11
2017,3209,KABUPATEN CIREBON,MINAT KHUSUS,0,True,Pantura Timur,11
2017,3210,KABUPATEN MAJALENGKA,ALAM,29,False,Pantura Timur,49
2017,3210,KABUPATEN MAJALENGKA,BUDAYA,9,False,Pantura Timur,49
2017,3210,KABUPATEN MAJALENGKA,MINAT KHUSUS,11,False,Pantura Timur,49
2017,3211,KABUPATEN SUMEDANG,ALAM,20,False,Priangan Barat,32
2017,3211,KABUPATEN SUMEDANG,BUDAYA,11,False,Priangan Barat,32
2017,3211,KABUPATEN SUMEDANG,MINAT KHUSUS,1,False,Priangan Barat,32
2017,3212,KABUPATEN INDRAMAYU,ALAM,24,False,Pantura Timur,24
2017,3212,KABUPATEN INDRAMAYU,BUDAYA,0,True,Pantura Timur,24
2017,3212,KABUPATEN INDRAMAYU,MINAT KHUSUS,0,True,Pantura Timur,24
2017,3213,KABUPATEN SUBANG,ALAM,5,False,Pantura Barat,13
2017,3213,KABUPATEN SUBANG,BUDAYA,6,False,Pantura Barat,13
2017,3213,KABUPATEN SUBANG,MINAT KHUSUS,2,False,Pantura Barat,13
2017,3214,KABUPATEN PURWAKARTA,ALAM,9,False,Pantura Barat,26
2017,3214,KABUPATEN PURWAKARTA,BUDAYA,8,False,Pantura Barat,26
2017,3214,KABUPATEN PURWAKARTA,MINAT KHUSUS,9,False,Pantura Barat,26
2017,3215,KABUPATEN KARAWANG,ALAM,33,False,Pantura Barat,55
2017,3215,KABUPATEN KARAWANG,BUDAYA,13,False,Pantura Barat,55
2017,3215,KABUPATEN KARAWANG,MINAT KHUSUS,9,False,Pantura Barat,55
2017,3216,KABUPATEN BEKASI,ALAM,4,False,Pantura Barat,10
2017,3216,KABUPATEN BEKASI,BUDAYA,3,False,Pantura Barat,10
2017,3216,KABUPATEN BEKASI,MINAT KHUSUS,3,False,Pantura Barat,10
2017,3217,KABUPATEN BANDUNG BARAT,ALAM,26,False,Priangan Barat,39
2017,3217,KABUPATEN BANDUNG BARAT,BUDAYA,10,False,Priangan Barat,39
2017,3217,KABUPATEN BANDUNG BARAT,MINAT KHUSUS,3,False,Priangan Barat,39
2017,3218,KABUPATEN PANGANDARAN,ALAM,57,False,Priangan Timur,210
2017,3218,KABUPATEN PANGANDARAN,BUDAYA,47,False,Priangan Timur,210
2017,3218,KABUPATEN PANGANDARAN,MINAT KHUSUS,106,False,Priangan Timur,210
2017,3271,KOTA BOGOR,ALAM,5,False,Bogor-Sukabumi,22
2017,3271,KOTA BOGOR,BUDAYA,8,False,Bogor-Sukabumi,22
2017,3271,KOTA BOGOR,MINAT KHUSUS,9,False,Bogor-Sukabumi,22
2017,3272,KOTA SUKABUMI,ALAM,2,False,Bogor-Sukabumi,2
2017,3272,KOTA SUKABUMI,BUDAYA,0,True,Bogor-Sukabumi,2
2017,3272,KOTA SUKABUMI,MINAT KHUSUS,0,True,Bogor-Sukabumi,2
2017,3273,KOTA BANDUNG,ALAM,3,False,Priangan Barat,14
2017,3273,KOTA BANDUNG,BUDAYA,3,False,Priangan Barat,14
2017,3273,KOTA BANDUNG,MINAT KHUSUS,8,False,Priangan Barat,14
2017,3274,KOTA CIREBON,ALAM,1,False,Pantura Timur,17
2017,3274,KOTA CIREBON,BUDAYA,14,False,Pantura Timur,17
2017,3274,KOTA CIREBON,MINAT KHUSUS,2,False,Pantura Timur,17
2017,3275,KOTA BEKASI,ALAM,0,True,Pantura Barat,0
2017,3275,KOTA BEKASI,BUDAYA,0,True,Pantura Barat,0
2017,3275,KOTA BEKASI,MINAT KHUSUS,0,True,Pantura Barat,0
2017,3276,KOTA DEPOK,ALAM,6,False,Pantura Barat,21
2017,3276,KOTA DEPOK,BUDAYA,6,False,Pantura Barat,21
2017,3276,KOTA DEPOK,MINAT KHUSUS,9,False,Pantura Barat,21
2017,3277,KOTA CIMAHI,ALAM,1,False,Priangan Barat,6
2017,3277,KOTA CIMAHI,BUDAYA,2,False,Priangan Barat,6
2017,3277,KOTA CIMAHI,MINAT KHUSUS,3,False,Priangan Barat,6
2017,3278,KOTA TASIKMALAYA,ALAM,4,False,Priangan Timur,11
2017,3278,KOTA TASIKMALAYA,BUDAYA,5,False,Priangan Timur,11
2017,3278,KOTA TASIKMALAYA,MINAT KHUSUS,2,False,Priangan Timur,11
2017,3279,KOTA BANJAR,ALAM,1,False,Priangan Timur,1
2017,3279,KOTA BANJAR,BUDAYA,0,True,Priangan Timur,1
2017,3279,KOTA BANJAR,MINAT KHUSUS,0,True,Priangan Timur,1
2018,3201,KABUPATEN BOGOR,ALAM,55,False,Bogor-Sukabumi,86
2018,3201,KABUPATEN BOGOR,BUDAYA,3,False,Bogor-Sukabumi,86
2018,3201,KABUPATEN BOGOR,BUATAN,28,False,Bogor-Sukabumi,86
2018,3202,KABUPATEN SUKABUMI,ALAM,0,True,Bogor-Sukabumi,0
2018,3202,KABUPATEN SUKABUMI,BUDAYA,0,True,Bogor-Sukabumi,0
2018,3202,KABUPATEN SUKABUMI,BUATAN,0,True,Bogor-Sukabumi,0
2018,3203,KABUPATEN CIANJUR,ALAM,59,False,Priangan Barat,82
2018,3203,KABUPATEN CIANJUR,BUDAYA,9,False,Priangan Barat,82
2018,3203,KABUPATEN CIANJUR,BUATAN,14,False,Priangan Barat,82
2018,3204,KABUPATEN BANDUNG,ALAM,48,False,Priangan Barat,94
2018,3204,KABUPATEN BANDUNG,BUDAYA,7,False,Priangan Barat,94
2018,3204,KABUPATEN BANDUNG,BUATAN,39,False,Priangan Barat,94
2018,3205,KABUPATEN GARUT,ALAM,102,False,Priangan Timur,204
2018,3205,KABUPATEN GARUT,BUDAYA,35,False,Priangan Timur,204
2018,3205,KABUPATEN GARUT,BUATAN,67,False,Priangan Timur,204
2018,3206,KABUPATEN TASIKMALAYA,ALAM,386,False,Priangan Timur,408
2018,3206,KABUPATEN TASIKMALAYA,BUDAYA,20,False,Priangan Timur,408
2018,3206,KABUPATEN TASIKMALAYA,BUATAN,2,False,Priangan Timur,408
2018,3207,KABUPATEN CIAMIS,ALAM,82,False,Priangan Timur,143
2018,3207,KABUPATEN CIAMIS,BUDAYA,45,False,Priangan Timur,143
2018,3207,KABUPATEN CIAMIS,BUATAN,16,False,Priangan Timur,143
2018,3208,KABUPATEN KUNINGAN,ALAM,23,False,Pantura Timur,35
2018,3208,KABUPATEN KUNINGAN,BUDAYA,3,False,Pantura Timur,35
2018,3208,KABUPATEN KUNINGAN,BUATAN,9,False,Pantura Timur,35
2018,3209,KABUPATEN CIREBON,ALAM,7,False,Pantura Timur,133
2018,3209,KABUPATEN CIREBON,BUDAYA,116,False,Pantura Timur,133
2018,3209,KABUPATEN CIREBON,BUATAN,10,False,Pantura Timur,133
2018,3210,KABUPATEN MAJALENGKA,ALAM,99,False,Pantura Timur,175
2018,3210,KABUPATEN MAJALENGKA,BUDAYA,39,False,Pantura Timur,175
2018,3210,KABUPATEN MAJALENGKA,BUATAN,37,False,Pantura Timur,175
2018,3211,KABUPATEN SUMEDANG,ALAM,0,True,Priangan Barat,0
2018,3211,KABUPATEN SUMEDANG,BUDAYA,0,True,Priangan Barat,0
2018,3211,KABUPATEN SUMEDANG,BUATAN,0,True,Priangan Barat,0
2018,3212,KABUPATEN INDRAMAYU,ALAM,13,False,Pantura Timur,28
2018,3212,KABUPATEN INDRAMAYU,BUDAYA,9,False,Pantura Timur,28
2018,3212,KABUPATEN INDRAMAYU,BUATAN,6,False,Pantura Timur,28
2018,3213,KABUPATEN SUBANG,ALAM,27,False,Pantura Barat,47
2018,3213,KABUPATEN SUBANG,BUDAYA,3,False,Pantura Barat,47
2018,3213,KABUPATEN SUBANG,BUATAN,17,False,Pantura Barat,47
2018,3214,KABUPATEN PURWAKARTA,ALAM,19,False,Pantura Barat,38
2018,3214,KABUPATEN PURWAKARTA,BUDAYA,8,False,Pantura Barat,38
2018,3214,KABUPATEN PURWAKARTA,BUATAN,11,False,Pantura Barat,38
2018,3215,KABUPATEN KARAWANG,ALAM,44,False,Pantura Barat,84
2018,3215,KABUPATEN KARAWANG,BUDAYA,33,False,Pantura Barat,84
2018,3215,KABUPATEN KARAWANG,BUATAN,7,False,Pantura Barat,84
2018,3216,KABUPATEN BEKASI,ALAM,5,False,Pantura Barat,23
2018,3216,KABUPATEN BEKASI,BUDAYA,0,True,Pantura Barat,23
2018,3216,KABUPATEN BEKASI,BUATAN,18,False,Pantura Barat,23
2018,3217,KABUPATEN BANDUNG BARAT,ALAM,64,False,Priangan Barat,134
2018,3217,KABUPATEN BANDUNG BARAT,BUDAYA,14,False,Priangan Barat,134
2018,3217,KABUPATEN BANDUNG BARAT,BUATAN,56,False,Priangan Barat,134
2018,3218,KABUPATEN PANGANDARAN,ALAM,56,False,Priangan Timur,103
2018,3218,KABUPATEN PANGANDARAN,BUDAYA,47,False,Priangan Timur,103
2018,3218,KABUPATEN PANGANDARAN,BUATAN,0,True,Priangan Timur,103
2018,3271,KOTA BOGOR,ALAM,0,True,Bogor-Sukabumi,23
2018,3271,KOTA BOGOR,BUDAYA,1,False,Bogor-Sukabumi,23
2018,3271,KOTA BOGOR,BUATAN,22,False,Bogor-Sukabumi,23
2018,3272,KOTA SUKABUMI,ALAM,0,True,Bogor-Sukabumi,0
2018,3272,KOTA SUKABUMI,BUDAYA,0,True,Bogor-Sukabumi,0
2018,3272,KOTA SUKABUMI,BUATAN,0,True,Bogor-Sukabumi,0
2018,3273,KOTA BANDUNG,ALAM,3,False,Priangan Barat,17
2018,3273,KOTA BANDUNG,BUDAYA,14,False,Priangan Barat,17
2018,3273,KOTA BANDUNG,BUATAN,0,True,Priangan Barat,17
2018,3274,KOTA CIREBON,ALAM,1,False,Pantura Timur,17
2018,3274,KOTA CIREBON,BUDAYA,14,False,Pantura Timur,17
2018,3274,KOTA CIREBON,BUATAN,2,False,Pantura Timur,17
2018,3275,KOTA BEKASI,ALAM,4,False,Pantura Barat,7
2018,3275,KOTA BEKASI,BUDAYA,3,False,Pantura Barat,7
2018,3275,KOTA BEKASI,BUATAN,0,True,Pantura Barat,7
2018,3276,KOTA DEPOK,ALAM,9,False,Pantura Barat,24
2018,3276,KOTA DEPOK,BUDAYA,6,False,Pantura Barat,24
2018,3276,KOTA DEPOK,BUATAN,9,False,Pantura Barat,24
2018,3277,KOTA CIMAHI,ALAM,1,False,Priangan Barat,6
2018,3277,KOTA CIMAHI,BUDAYA,2,False,Priangan Barat,6
2018,3277,KOTA CIMAHI,BUATAN,3,False,Priangan Barat,6
2018,3278,KOTA TASIKMALAYA,ALAM,4,False,Priangan Timur,11
2018,3278,KOTA TASIKMALAYA,BUDAYA,5,False,Priangan Timur,11
2018,3278,KOTA TASIKMALAYA,BUATAN,2,False,Priangan Timur,11
2018,3279,KOTA BANJAR,ALAM,1,False,Priangan Timur,2
2018,3279,KOTA BANJAR,BUDAYA,0,True,Priangan Timur,2
2018,3279,KOTA BANJAR,BUATAN,1,False,Priangan Timur,2
2019,3201,KABUPATEN BOGOR,ALAM,169,False,Bogor-Sukabumi,381
2019,3201,KABUPATEN BOGOR,BUDAYA,61,False,Bogor-Sukabumi,381
2019,3201,KABUPATEN BOGOR,BUATAN,151,False,Bogor-Sukabumi,381
2019,3202,KABUPATEN SUKABUMI,ALAM,47,False,Bogor-Sukabumi,60
2019,3202,KABUPATEN SUKABUMI,BUDAYA,7,False,Bogor-Sukabumi,60
2019,3202,KABUPATEN SUKABUMI,BUATAN,6,False,Bogor-Sukabumi,60
2019,3203,KABUPATEN CIANJUR,ALAM,86,False,Priangan Barat,118
2019,3203,KABUPATEN CIANJUR,BUDAYA,14,False,Priangan Barat,118
2019,3203,KABUPATEN CIANJUR,BUATAN,18,False,Priangan Barat,118
2019,3204,KABUPATEN BANDUNG,ALAM,48,False,Priangan Barat,96
2019,3204,KABUPATEN BANDUNG,BUDAYA,7,False,Priangan Barat,96
2019,3204,KABUPATEN BANDUNG,BUATAN,41,False,Priangan Barat,96
2019,3205,KABUPATEN GARUT,ALAM,106,False,Priangan Timur,208
2019,3205,KABUPATEN GARUT,BUDAYA,35,False,Priangan Timur,208
2019,3205,KABUPATEN GARUT,BUATAN,67,False,Priangan Timur,208
2019,3206,KABUPATEN TASIKMALAYA,ALAM,380,False,Priangan Timur,402
2019,3206,KABUPATEN TASIKMALAYA,BUDAYA,20,False,Priangan Timur,402
2019,3206,KABUPATEN TASIKMALAYA,BUATAN,2,False,Priangan Timur,402
2019,3207,KABUPATEN CIAMIS,ALAM,82,False,Priangan Timur,143
2019,3207,KABUPATEN CIAMIS,BUDAYA,45,False,Priangan Timur,143
2019,3207,KABUPATEN CIAMIS,BUATAN,16,False,Priangan Timur,143
2019,3208,KABUPATEN KUNINGAN,ALAM,109,False,Pantura Timur,149
2019,3208,KABUPATEN KUNINGAN,BUDAYA,14,False,Pantura Timur,149
2019,3208,KABUPATEN KUNINGAN,BUATAN,26,False,Pantura Timur,149
2019,3209,KABUPATEN CIREBON,ALAM,8,False,Pantura Timur,134
2019,3209,KABUPATEN CIREBON,BUDAYA,116,False,Pantura Timur,134
2019,3209,KABUPATEN CIREBON,BUATAN,10,False,Pantura Timur,134
2019,3210,KABUPATEN MAJALENGKA,ALAM,100,False,Pantura Timur,179
2019,3210,KABUPATEN MAJALENGKA,BUDAYA,39,False,Pantura Timur,179
2019,3210,KABUPATEN MAJALENGKA,BUATAN,40,False,Pantura Timur,179
2019,3211,KABUPATEN SUMEDANG,ALAM,20,False,Priangan Barat,32
2019,3211,KABUPATEN SUMEDANG,BUDAYA,11,False,Priangan Barat,32
2019,3211,KABUPATEN SUMEDANG,BUATAN,1,False,Priangan Barat,32
2019,3212,KABUPATEN INDRAMAYU,ALAM,16,False,Pantura Timur,25
2019,3212,KABUPATEN INDRAMAYU,BUDAYA,4,False,Pantura Timur,25
2019,3212,KABUPATEN INDRAMAYU,BUATAN,5,False,Pantura Timur,25
2019,3213,KABUPATEN SUBANG,ALAM,54,False,Pantura Barat,81
2019,3213,KABUPATEN SUBANG,BUDAYA,1,False,Pantura Barat,81
2019,3213,KABUPATEN SUBANG,BUATAN,26,False,Pantura Barat,81
2019,3214,KABUPATEN PURWAKARTA,ALAM,28,False,Pantura Barat,60
2019,3214,KABUPATEN PURWAKARTA,BUDAYA,10,False,Pantura Barat,60
2019,3214,KABUPATEN PURWAKARTA,BUATAN,22,False,Pantura Barat,60
2019,3215,KABUPATEN KARAWANG,ALAM,50,False,Pantura Barat,126
2019,3215,KABUPATEN KARAWANG,BUDAYA,39,False,Pantura Barat,126
2019,3215,KABUPATEN KARAWANG,BUATAN,37,False,Pantura Barat,126
2019,3216,KABUPATEN BEKASI,ALAM,5,False,Pantura Barat,23
2019,3216,KABUPATEN BEKASI,BUDAYA,0,True,Pantura Barat,23
2019,3216,KABUPATEN BEKASI,BUATAN,18,False,Pantura Barat,23
2019,3217,KABUPATEN BANDUNG BARAT,ALAM,69,False,Priangan Barat,151
2019,3217,KABUPATEN BANDUNG BARAT,BUDAYA,17,False,Priangan Barat,151
2019,3217,KABUPATEN BANDUNG BARAT,BUATAN,65,False,Priangan Barat,151
2019,3218,KABUPATEN PANGANDARAN,ALAM,156,False,Priangan Timur,232
2019,3218,KABUPATEN PANGANDARAN,BUDAYA,54,False,Priangan Timur,232
2019,3218,KABUPATEN PANGANDARAN,BUATAN,22,False,Priangan Timur,232
2019,3271,KOTA BOGOR,ALAM,0,True,Bogor-Sukabumi,23
2019,3271,KOTA BOGOR,BUDAYA,1,False,Bogor-Sukabumi,23
2019,3271,KOTA BOGOR,BUATAN,22,False,Bogor-Sukabumi,23
2019,3272,KOTA SUKABUMI,ALAM,0,True,Bogor-Sukabumi,0
2019,3272,KOTA SUKABUMI,BUDAYA,0,True,Bogor-Sukabumi,0
2019,3272,KOTA SUKABUMI,BUATAN,0,True,Bogor-Sukabumi,0
2019,3273,KOTA BANDUNG,ALAM,3,False,Priangan Barat,13
2019,3273,KOTA BANDUNG,BUDAYA,4,False,Priangan Barat,13
2019,3273,KOTA BANDUNG,BUATAN,6,False,Priangan Barat,13
2019,3274,KOTA CIREBON,ALAM,1,False,Pantura Timur,17
2019,3274,KOTA CIREBON,BUDAYA,14,False,Pantura Timur,17
2019,3274,KOTA CIREBON,BUATAN,2,False,Pantura Timur,17
2019,3275,KOTA BEKASI,ALAM,4,False,Pantura Barat,12
2019,3275,KOTA BEKASI,BUDAYA,3,False,Pantura Barat,12
2019,3275,KOTA BEKASI,BUATAN,5,False,Pantura Barat,12
2019,3276,KOTA DEPOK,ALAM,0,True,Pantura Barat,0
2019,3276,KOTA DEPOK,BUDAYA,0,True,Pantura Barat,0
2019,3276,KOTA DEPOK,BUATAN,0,True,Pantura Barat,0
2019,3277,KOTA CIMAHI,ALAM,2,False,Priangan Barat,7
2019,3277,KOTA CIMAHI,BUDAYA,2,False,Priangan Barat,7
2019,3277,KOTA CIMAHI,BUATAN,3,False,Priangan Barat,7
2019,3278,KOTA TASIKMALAYA,ALAM,6,False,Priangan Timur,13
2019,3278,KOTA TASIKMALAYA,BUDAYA,5,False,Priangan Timur,13
2019,3278,KOTA TASIKMALAYA,BUATAN,2,False,Priangan Timur,13
2019,3279,KOTA BANJAR,ALAM,1,False,Priangan Timur,2
2019,3279,KOTA BANJAR,BUDAYA,0,True,Priangan Timur,2
2019,3279,KOTA BANJAR,BUATAN,1,False,Priangan Timur,2
2020,3201,KABUPATEN BOGOR,ALAM,169,False,Bogor-Sukabumi,381
2020,3201,KABUPATEN BOGOR,BUDAYA,61,False,Bogor-Sukabumi,381
2020,3201,KABUPATEN BOGOR,BUATAN,151,False,Bogor-Sukabumi,381
2020,3202,KABUPATEN SUKABUMI,ALAM,47,False,Bogor-Sukabumi,60
2020,3202,KABUPATEN SUKABUMI,BUDAYA,7,False,Bogor-Sukabumi,60
2020,3202,KABUPATEN SUKABUMI,BUATAN,6,False,Bogor-Sukabumi,60
2020,3203,KABUPATEN CIANJUR,ALAM,90,False,Priangan Barat,134
2020,3203,KABUPATEN CIANJUR,BUDAYA,23,False,Priangan Barat,134
2020,3203,KABUPATEN CIANJUR,BUATAN,21,False,Priangan Barat,134
2020,3204,KABUPATEN BANDUNG,ALAM,48,False,Priangan Barat,96
2020,3204,KABUPATEN BANDUNG,BUDAYA,7,False,Priangan Barat,96
2020,3204,KABUPATEN BANDUNG,BUATAN,41,False,Priangan Barat,96
2020,3205,KABUPATEN GARUT,ALAM,106,False,Priangan Timur,215
2020,3205,KABUPATEN GARUT,BUDAYA,36,False,Priangan Timur,215
2020,3205,KABUPATEN GARUT,BUATAN,73,False,Priangan Timur,215
2020,3206,KABUPATEN TASIKMALAYA,ALAM,196,False,Priangan Timur,298
2020,3206,KABUPATEN TASIKMALAYA,BUDAYA,100,False,Priangan Timur,298
2020,3206,KABUPATEN TASIKMALAYA,BUATAN,2,False,Priangan Timur,298
2020,3207,KABUPATEN CIAMIS,ALAM,82,False,Priangan Timur,145
2020,3207,KABUPATEN CIAMIS,BUDAYA,45,False,Priangan Timur,145
2020,3207,KABUPATEN CIAMIS,BUATAN,18,False,Priangan Timur,145
2020,3208,KABUPATEN KUNINGAN,ALAM,108,False,Pantura Timur,148
2020,3208,KABUPATEN KUNINGAN,BUDAYA,14,False,Pantura Timur,148
2020,3208,KABUPATEN KUNINGAN,BUATAN,26,False,Pantura Timur,148
2020,3209,KABUPATEN CIREBON,ALAM,8,False,Pantura Timur,22
2020,3209,KABUPATEN CIREBON,BUDAYA,7,False,Pantura Timur,22
2020,3209,KABUPATEN CIREBON,BUATAN,7,False,Pantura Timur,22
2020,3210,KABUPATEN MAJALENGKA,ALAM,100,False,Pantura Timur,179
2020,3210,KABUPATEN MAJALENGKA,BUDAYA,39,False,Pantura Timur,179
2020,3210,KABUPATEN MAJALENGKA,BUATAN,40,False,Pantura Timur,179
2020,3211,KABUPATEN SUMEDANG,ALAM,29,False,Priangan Barat,100
2020,3211,KABUPATEN SUMEDANG,BUDAYA,11,False,Priangan Barat,100
2020,3211,KABUPATEN SUMEDANG,BUATAN,60,False,Priangan Barat,100
2020,3212,KABUPATEN INDRAMAYU,ALAM,15,False,Pantura Timur,39
2020,3212,KABUPATEN INDRAMAYU,BUDAYA,13,False,Pantura Timur,39
2020,3212,KABUPATEN INDRAMAYU,BUATAN,11,False,Pantura Timur,39
2020,3213,KABUPATEN SUBANG,ALAM,58,False,Pantura Barat,112
2020,3213,KABUPATEN SUBANG,BUDAYA,1,False,Pantura Barat,112
2020,3213,KABUPATEN SUBANG,BUATAN,53,False,Pantura Barat,112
2020,3214,KABUPATEN PURWAKARTA,ALAM,28,False,Pantura Barat,63
2020,3214,KABUPATEN PURWAKARTA,BUDAYA,10,False,Pantura Barat,63
2020,3214,KABUPATEN PURWAKARTA,BUATAN,25,False,Pantura Barat,63
2020,3215,KABUPATEN KARAWANG,ALAM,50,False,Pantura Barat,127
2020,3215,KABUPATEN KARAWANG,BUDAYA,39,False,Pantura Barat,127
2020,3215,KABUPATEN KARAWANG,BUATAN,38,False,Pantura Barat,127
2020,3216,KABUPATEN BEKASI,ALAM,11,False,Pantura Barat,35
2020,3216,KABUPATEN BEKASI,BUDAYA,2,False,Pantura Barat,35
2020,3216,KABUPATEN BEKASI,BUATAN,22,False,Pantura Barat,35
2020,3217,KABUPATEN BANDUNG BARAT,ALAM,74,False,Priangan Barat,159
2020,3217,KABUPATEN BANDUNG BARAT,BUDAYA,18,False,Priangan Barat,159
2020,3217,KABUPATEN BANDUNG BARAT,BUATAN,67,False,Priangan Barat,159
2020,3218,KABUPATEN PANGANDARAN,ALAM,171,False,Priangan Timur,269
2020,3218,KABUPATEN PANGANDARAN,BUDAYA,73,False,Priangan Timur,269
2020,3218,KABUPATEN PANGANDARAN,BUATAN,25,False,Priangan Timur,269
2020,3271,KOTA BOGOR,ALAM,0,True,Bogor-Sukabumi,23
2020,3271,KOTA BOGOR,BUDAYA,1,False,Bogor-Sukabumi,23
2020,3271,KOTA BOGOR,BUATAN,22,False,Bogor-Sukabumi,23
2020,3272,KOTA SUKABUMI,ALAM,2,False,Bogor-Sukabumi,14
2020,3272,KOTA SUKABUMI,BUDAYA,0,True,Bogor-Sukabumi,14
2020,3272,KOTA SUKABUMI,BUATAN,12,False,Bogor-Sukabumi,14
2020,3273,KOTA BANDUNG,ALAM,11,False,Priangan Barat,24
2020,3273,KOTA BANDUNG,BUDAYA,6,False,Priangan Barat,24
2020,3273,KOTA BANDUNG,BUATAN,7,False,Priangan Barat,24
2020,3274,KOTA CIREBON,ALAM,1,False,Pantura Timur,17
2020,3274,KOTA CIREBON,BUDAYA,14,False,Pantura Timur,17
2020,3274,KOTA CIREBON,BUATAN,2,False,Pantura Timur,17
2020,3275,KOTA BEKASI,ALAM,3,False,Pantura Barat,12
2020,3275,KOTA BEKASI,BUDAYA,3,False,Pantura Barat,12
2020,3275,KOTA BEKASI,BUATAN,6,False,Pantura Barat,12
2020,3276,KOTA DEPOK,ALAM,85,False,Pantura Barat,85
2020,3276,KOTA DEPOK,BUDAYA,0,True,Pantura Barat,85
2020,3276,KOTA DEPOK,BUATAN,0,True,Pantura Barat,85
2020,3277,KOTA CIMAHI,ALAM,2,False,Priangan Barat,7
2020,3277,KOTA CIMAHI,BUDAYA,2,False,Priangan Barat,7
2020,3277,KOTA CIMAHI,BUATAN,3,False,Priangan Barat,7
2020,3278,KOTA TASIKMALAYA,ALAM,6,False,Priangan Timur,13
2020,3278,KOTA TASIKMALAYA,BUDAYA,5,False,Priangan Timur,13
2020,3278,KOTA TASIKMALAYA,BUATAN,2,False,Priangan Timur,13
2020,3279,KOTA BANJAR,ALAM,2,False,Priangan Timur,3
2020,3279,KOTA BANJAR,BUDAYA,0,True,Priangan Timur,3
2020,3279,KOTA BANJAR,BUATAN,1,False,Priangan Timur,3
2021,3201,KABUPATEN BOGOR,ALAM,100,False,Bogor-Sukabumi,156
2021,3201,KABUPATEN BOGOR,BUDAYA,13,False,Bogor-Sukabumi,156
2021,3201,KABUPATEN BOGOR,BUATAN,43,False,Bogor-Sukabumi,156
2021,3202,KABUPATEN SUKABUMI,ALAM,47,False,Bogor-Sukabumi,60
2021,3202,KABUPATEN SUKABUMI,BUDAYA,7,False,Bogor-Sukabumi,60
2021,3202,KABUPATEN SUKABUMI,BUATAN,6,False,Bogor-Sukabumi,60
2021,3203,KABUPATEN CIANJUR,ALAM,98,False,Priangan Barat,150
2021,3203,KABUPATEN CIANJUR,BUDAYA,25,False,Priangan Barat,150
2021,3203,KABUPATEN CIANJUR,BUATAN,27,False,Priangan Barat,150
2021,3204,KABUPATEN BANDUNG,ALAM,56,False,Priangan Barat,300
2021,3204,KABUPATEN BANDUNG,BUDAYA,164,False,Priangan Barat,300
2021,3204,KABUPATEN BANDUNG,BUATAN,80,False,Priangan Barat,300
2021,3205,KABUPATEN GARUT,ALAM,106,False,Priangan Timur,215
2021,3205,KABUPATEN GARUT,BUDAYA,36,False,Priangan Timur,215
2021,3205,KABUPATEN GARUT,BUATAN,73,False,Priangan Timur,215
2021,3206,KABUPATEN TASIKMALAYA,ALAM,42,False,Priangan Timur,61
2021,3206,KABUPATEN TASIKMALAYA,BUDAYA,17,False,Priangan Timur,61
2021,3206,KABUPATEN TASIKMALAYA,BUATAN,2,False,Priangan Timur,61
2021,3207,KABUPATEN CIAMIS,ALAM,13,False,Priangan Timur,38
2021,3207,KABUPATEN CIAMIS,BUDAYA,5,False,Priangan Timur,38
2021,3207,KABUPATEN CIAMIS,BUATAN,20,False,Priangan Timur,38
2021,3208,KABUPATEN KUNINGAN,ALAM,109,False,Pantura Timur,149
2021,3208,KABUPATEN KUNINGAN,BUDAYA,14,False,Pantura Timur,149
2021,3208,KABUPATEN KUNINGAN,BUATAN,26,False,Pantura Timur,149
2021,3209,KABUPATEN CIREBON,ALAM,8,False,Pantura Timur,23
2021,3209,KABUPATEN CIREBON,BUDAYA,8,False,Pantura Timur,23
2021,3209,KABUPATEN CIREBON,BUATAN,7,False,Pantura Timur,23
2021,3210,KABUPATEN MAJALENGKA,ALAM,100,False,Pantura Timur,179
2021,3210,KABUPATEN MAJALENGKA,BUDAYA,39,False,Pantura Timur,179
2021,3210,KABUPATEN MAJALENGKA,BUATAN,40,False,Pantura Timur,179
2021,3211,KABUPATEN SUMEDANG,ALAM,30,False,Priangan Barat,97
2021,3211,KABUPATEN SUMEDANG,BUDAYA,11,False,Priangan Barat,97
2021,3211,KABUPATEN SUMEDANG,BUATAN,56,False,Priangan Barat,97
2021,3212,KABUPATEN INDRAMAYU,ALAM,15,False,Pantura Timur,39
2021,3212,KABUPATEN INDRAMAYU,BUDAYA,13,False,Pantura Timur,39
2021,3212,KABUPATEN INDRAMAYU,BUATAN,11,False,Pantura Timur,39
2021,3213,KABUPATEN SUBANG,ALAM,63,False,Pantura Barat,125
2021,3213,KABUPATEN SUBANG,BUDAYA,1,False,Pantura Barat,125
2021,3213,KABUPATEN SUBANG,BUATAN,61,False,Pantura Barat,125
2021,3214,KABUPATEN PURWAKARTA,ALAM,28,False,Pantura Barat,63
2021,3214,KABUPATEN PURWAKARTA,BUDAYA,10,False,Pantura Barat,63
2021,3214,KABUPATEN PURWAKARTA,BUATAN,25,False,Pantura Barat,63
2021,3215,KABUPATEN KARAWANG,ALAM,50,False,Pantura Barat,127
2021,3215,KABUPATEN KARAWANG,BUDAYA,39,False,Pantura Barat,127
2021,3215,KABUPATEN KARAWANG,BUATAN,38,False,Pantura Barat,127
2021,3216,KABUPATEN BEKASI,ALAM,11,False,Pantura Barat,35
2021,3216,KABUPATEN BEKASI,BUDAYA,2,False,Pantura Barat,35
2021,3216,KABUPATEN BEKASI,BUATAN,22,False,Pantura Barat,35
2021,3217,KABUPATEN BANDUNG BARAT,ALAM,74,False,Priangan Barat,159
2021,3217,KABUPATEN BANDUNG BARAT,BUDAYA,18,False,Priangan Barat,159
2021,3217,KABUPATEN BANDUNG BARAT,BUATAN,67,False,Priangan Barat,159
2021,3218,KABUPATEN PANGANDARAN,ALAM,182,False,Priangan Timur,285
2021,3218,KABUPATEN PANGANDARAN,BUDAYA,75,False,Priangan Timur,285
2021,3218,KABUPATEN PANGANDARAN,BUATAN,28,False,Priangan Timur,285
2021,3271,KOTA BOGOR,ALAM,3,False,Bogor-Sukabumi,30
2021,3271,KOTA BOGOR,BUDAYA,8,False,Bogor-Sukabumi,30
2021,3271,KOTA BOGOR,BUATAN,19,False,Bogor-Sukabumi,30
2021,3272,KOTA SUKABUMI,ALAM,3,False,Bogor-Sukabumi,17
2021,3272,KOTA SUKABUMI,BUDAYA,3,False,Bogor-Sukabumi,17
2021,3272,KOTA SUKABUMI,BUATAN,11,False,Bogor-Sukabumi,17
2021,3273,KOTA BANDUNG,ALAM,3,False,Priangan Barat,61
2021,3273,KOTA BANDUNG,BUDAYA,10,False,Priangan Barat,61
2021,3273,KOTA BANDUNG,BUATAN,48,False,Priangan Barat,61
2021,3274,KOTA CIREBON,ALAM,1,False,Pantura Timur,17
2021,3274,KOTA CIREBON,BUDAYA,14,False,Pantura Timur,17
2021,3274,KOTA CIREBON,BUATAN,2,False,Pantura Timur,17
2021,3275,KOTA BEKASI,ALAM,3,False,Pantura Barat,78
2021,3275,KOTA BEKASI,BUDAYA,36,False,Pantura Barat,78
2021,3275,KOTA BEKASI,BUATAN,39,False,Pantura Barat,78
2021,3276,KOTA DEPOK,ALAM,19,False,Pantura Barat,84
2021,3276,KOTA DEPOK,BUDAYA,48,False,Pantura Barat,84
2021,3276,KOTA DEPOK,BUATAN,17,False,Pantura Barat,84
2021,3277,KOTA CIMAHI,ALAM,2,False,Priangan Barat,7
2021,3277,KOTA CIMAHI,BUDAYA,2,False,Priangan Barat,7
2021,3277,KOTA CIMAHI,BUATAN,3,False,Priangan Barat,7
2021,3278,KOTA TASIKMALAYA,ALAM,8,False,Priangan Timur,21
2021,3278,KOTA TASIKMALAYA,BUDAYA,4,False,Priangan Timur,21
2021,3278,KOTA TASIKMALAYA,BUATAN,9,False,Priangan Timur,21
2021,3279,KOTA BANJAR,ALAM,0,True,Priangan Timur,7
2021,3279,KOTA BANJAR,BUDAYA,0,True,Priangan Timur,7
2021,3279,KOTA BANJAR,BUATAN,7,False,Priangan Timur,7
2022,3201,KABUPATEN BOGOR,ALAM,122,False,Bogor-Sukabumi,206
2022,3201,KABUPATEN BOGOR,BUDAYA,30,False,Bogor-Sukabumi,206
2022,3201,KABUPATEN BOGOR,BUATAN,54,False,Bogor-Sukabumi,206
2022,3202,KABUPATEN SUKABUMI,ALAM,96,False,Bogor-Sukabumi,108
2022,3202,KABUPATEN SUKABUMI,BUDAYA,7,False,Bogor-Sukabumi,108
2022,3202,KABUPATEN SUKABUMI,BUATAN,5,False,Bogor-Sukabumi,108
2022,3203,KABUPATEN CIANJUR,ALAM,94,False,Priangan Barat,146
2022,3203,KABUPATEN CIANJUR,BUDAYA,24,False,Priangan Barat,146
2022,3203,KABUPATEN CIANJUR,BUATAN,28,False,Priangan Barat,146
2022,3204,KABUPATEN BANDUNG,ALAM,77,False,Priangan Barat,313
2022,3204,KABUPATEN BANDUNG,BUDAYA,175,False,Priangan Barat,313
2022,3204,KABUPATEN BANDUNG,BUATAN,61,False,Priangan Barat,313
2022,3205,KABUPATEN GARUT,ALAM,115,False,Priangan Timur,226
2022,3205,KABUPATEN GARUT,BUDAYA,40,False,Priangan Timur,226
2022,3205,KABUPATEN GARUT,BUATAN,71,False,Priangan Timur,226
2022,3206,KABUPATEN TASIKMALAYA,ALAM,110,False,Priangan Timur,116
2022,3206,KABUPATEN TASIKMALAYA,BUDAYA,2,False,Priangan Timur,116
2022,3206,KABUPATEN TASIKMALAYA,BUATAN,4,False,Priangan Timur,116
2022,3207,KABUPATEN CIAMIS,ALAM,16,False,Priangan Timur,50
2022,3207,KABUPATEN CIAMIS,BUDAYA,10,False,Priangan Timur,50
2022,3207,KABUPATEN CIAMIS,BUATAN,24,False,Priangan Timur,50
2022,3208,KABUPATEN KUNINGAN,ALAM,117,False,Pantura Timur,156
2022,3208,KABUPATEN KUNINGAN,BUDAYA,14,False,Pantura Timur,156
2022,3208,KABUPATEN KUNINGAN,BUATAN,25,False,Pantura Timur,156
2022,3209,KABUPATEN CIREBON,ALAM,8,False,Pantura Timur,23
2022,3209,KABUPATEN CIREBON,BUDAYA,8,False,Pantura Timur,23
2022,3209,KABUPATEN CIREBON,BUATAN,7,False,Pantura Timur,23
2022,3210,KABUPATEN MAJALENGKA,ALAM,112,False,Pantura Timur,197
2022,3210,KABUPATEN MAJALENGKA,BUDAYA,39,False,Pantura Timur,197
2022,3210,KABUPATEN MAJALENGKA,BUATAN,46,False,Pantura Timur,197
2022,3211,KABUPATEN SUMEDANG,ALAM,36,False,Priangan Barat,111
2022,3211,KABUPATEN SUMEDANG,BUDAYA,11,False,Priangan Barat,111
2022,3211,KABUPATEN SUMEDANG,BUATAN,64,False,Priangan Barat,111
2022,3212,KABUPATEN INDRAMAYU,ALAM,13,False,Pantura Timur,26
2022,3212,KABUPATEN INDRAMAYU,BUDAYA,9,False,Pantura Timur,26
2022,3212,KABUPATEN INDRAMAYU,BUATAN,4,False,Pantura Timur,26
2022,3213,KABUPATEN SUBANG,ALAM,68,False,Pantura Barat,83
2022,3213,KABUPATEN SUBANG,BUDAYA,1,False,Pantura Barat,83
2022,3213,KABUPATEN SUBANG,BUATAN,14,False,Pantura Barat,83
2022,3214,KABUPATEN PURWAKARTA,ALAM,28,False,Pantura Barat,64
2022,3214,KABUPATEN PURWAKARTA,BUDAYA,10,False,Pantura Barat,64
2022,3214,KABUPATEN PURWAKARTA,BUATAN,26,False,Pantura Barat,64
2022,3215,KABUPATEN KARAWANG,ALAM,50,False,Pantura Barat,127
2022,3215,KABUPATEN KARAWANG,BUDAYA,39,False,Pantura Barat,127
2022,3215,KABUPATEN KARAWANG,BUATAN,38,False,Pantura Barat,127
2022,3216,KABUPATEN BEKASI,ALAM,11,False,Pantura Barat,38
2022,3216,KABUPATEN BEKASI,BUDAYA,2,False,Pantura Barat,38
2022,3216,KABUPATEN BEKASI,BUATAN,25,False,Pantura Barat,38
2022,3217,KABUPATEN BANDUNG BARAT,ALAM,74,False,Priangan Barat,160
2022,3217,KABUPATEN BANDUNG BARAT,BUDAYA,19,False,Priangan Barat,160
2022,3217,KABUPATEN BANDUNG BARAT,BUATAN,67,False,Priangan Barat,160
2022,3218,KABUPATEN PANGANDARAN,ALAM,182,False,Priangan Timur,286
2022,3218,KABUPATEN PANGANDARAN,BUDAYA,76,False,Priangan Timur,286
2022,3218,KABUPATEN PANGANDARAN,BUATAN,28,False,Priangan Timur,286
2022,3271,KOTA BOGOR,ALAM,9,False,Bogor-Sukabumi,38
2022,3271,KOTA BOGOR,BUDAYA,20,False,Bogor-Sukabumi,38
2022,3271,KOTA BOGOR,BUATAN,9,False,Bogor-Sukabumi,38
2022,3272,KOTA SUKABUMI,ALAM,3,False,Bogor-Sukabumi,18
2022,3272,KOTA SUKABUMI,BUDAYA,3,False,Bogor-Sukabumi,18
2022,3272,KOTA SUKABUMI,BUATAN,12,False,Bogor-Sukabumi,18
2022,3273,KOTA BANDUNG,ALAM,10,False,Priangan Barat,68
2022,3273,KOTA BANDUNG,BUDAYA,10,False,Priangan Barat,68
2022,3273,KOTA BANDUNG,BUATAN,48,False,Priangan Barat,68
2022,3274,KOTA CIREBON,ALAM,1,False,Pantura Timur,17
2022,3274,KOTA CIREBON,BUDAYA,14,False,Pantura Timur,17
2022,3274,KOTA CIREBON,BUATAN,2,False,Pantura Timur,17
2022,3275,KOTA BEKASI,ALAM,3,False,Pantura Barat,60
2022,3275,KOTA BEKASI,BUDAYA,18,False,Pantura Barat,60
2022,3275,KOTA BEKASI,BUATAN,39,False,Pantura Barat,60
2022,3276,KOTA DEPOK,ALAM,19,False,Pantura Barat,84
2022,3276,KOTA DEPOK,BUDAYA,48,False,Pantura Barat,84
2022,3276,KOTA DEPOK,BUATAN,17,False,Pantura Barat,84
2022,3277,KOTA CIMAHI,ALAM,3,False,Priangan Barat,9
2022,3277,KOTA CIMAHI,BUDAYA,2,False,Priangan Barat,9
2022,3277,KOTA CIMAHI,BUATAN,4,False,Priangan Barat,9
2022,3278,KOTA TASIKMALAYA,ALAM,19,False,Priangan Timur,51
2022,3278,KOTA TASIKMALAYA,BUDAYA,20,False,Priangan Timur,51
2022,3278,KOTA TASIKMALAYA,BUATAN,12,False,Priangan Timur,51
2022,3279,KOTA BANJAR,ALAM,10,False,Priangan Timur,25
2022,3279,KOTA BANJAR,BUDAYA,3,False,Priangan Timur,25
2022,3279,KOTA BANJAR,BUATAN,12,False,Priangan Timur,25
2023,3201,KABUPATEN BOGOR,ALAM,122,False,Bogor-Sukabumi,211
2023,3201,KABUPATEN BOGOR,BUDAYA,35,False,Bogor-Sukabumi,211
2023,3201,KABUPATEN BOGOR,BUATAN,54,False,Bogor-Sukabumi,211
2023,3202,KABUPATEN SUKABUMI,ALAM,115,False,Bogor-Sukabumi,130
2023,3202,KABUPATEN SUKABUMI,BUDAYA,10,False,Bogor-Sukabumi,130
2023,3202,KABUPATEN SUKABUMI,BUATAN,5,False,Bogor-Sukabumi,130
2023,3203,KABUPATEN CIANJUR,ALAM,103,False,Priangan Barat,156
2023,3203,KABUPATEN CIANJUR,BUDAYA,21,False,Priangan Barat,156
2023,3203,KABUPATEN CIANJUR,BUATAN,32,False,Priangan Barat,156
2023,3204,KABUPATEN BANDUNG,ALAM,77,False,Priangan Barat,313
2023,3204,KABUPATEN BANDUNG,BUDAYA,175,False,Priangan Barat,313
2023,3204,KABUPATEN BANDUNG,BUATAN,61,False,Priangan Barat,313
2023,3205,KABUPATEN GARUT,ALAM,115,False,Priangan Timur,226
2023,3205,KABUPATEN GARUT,BUDAYA,40,False,Priangan Timur,226
2023,3205,KABUPATEN GARUT,BUATAN,71,False,Priangan Timur,226
2023,3206,KABUPATEN TASIKMALAYA,ALAM,110,False,Priangan Timur,117
2023,3206,KABUPATEN TASIKMALAYA,BUDAYA,2,False,Priangan Timur,117
2023,3206,KABUPATEN TASIKMALAYA,BUATAN,5,False,Priangan Timur,117
2023,3207,KABUPATEN CIAMIS,ALAM,16,False,Priangan Timur,50
2023,3207,KABUPATEN CIAMIS,BUDAYA,10,False,Priangan Timur,50
2023,3207,KABUPATEN CIAMIS,BUATAN,24,False,Priangan Timur,50
2023,3208,KABUPATEN KUNINGAN,ALAM,117,False,Pantura Timur,160
2023,3208,KABUPATEN KUNINGAN,BUDAYA,14,False,Pantura Timur,160
2023,3208,KABUPATEN KUNINGAN,BUATAN,29,False,Pantura Timur,160
2023,3209,KABUPATEN CIREBON,ALAM,8,False,Pantura Timur,18
2023,3209,KABUPATEN CIREBON,BUDAYA,6,False,Pantura Timur,18
2023,3209,KABUPATEN CIREBON,BUATAN,4,False,Pantura Timur,18
2023,3210,KABUPATEN MAJALENGKA,ALAM,118,False,Pantura Timur,204
2023,3210,KABUPATEN MAJALENGKA,BUDAYA,39,False,Pantura Timur,204
2023,3210,KABUPATEN MAJALENGKA,BUATAN,47,False,Pantura Timur,204
2023,3211,KABUPATEN SUMEDANG,ALAM,36,False,Priangan Barat,107
2023,3211,KABUPATEN SUMEDANG,BUDAYA,11,False,Priangan Barat,107
2023,3211,KABUPATEN SUMEDANG,BUATAN,60,False,Priangan Barat,107
2023,3212,KABUPATEN INDRAMAYU,ALAM,13,False,Pantura Timur,28
2023,3212,KABUPATEN INDRAMAYU,BUDAYA,9,False,Pantura Timur,28
2023,3212,KABUPATEN INDRAMAYU,BUATAN,6,False,Pantura Timur,28
2023,3213,KABUPATEN SUBANG,ALAM,68,False,Pantura Barat,83
2023,3213,KABUPATEN SUBANG,BUDAYA,1,False,Pantura Barat,83
2023,3213,KABUPATEN SUBANG,BUATAN,14,False,Pantura Barat,83
2023,3214,KABUPATEN PURWAKARTA,ALAM,26,False,Pantura Barat,63
2023,3214,KABUPATEN PURWAKARTA,BUDAYA,10,False,Pantura Barat,63
2023,3214,KABUPATEN PURWAKARTA,BUATAN,27,False,Pantura Barat,63
2023,3215,KABUPATEN KARAWANG,ALAM,50,False,Pantura Barat,127
2023,3215,KABUPATEN KARAWANG,BUDAYA,39,False,Pantura Barat,127
2023,3215,KABUPATEN KARAWANG,BUATAN,38,False,Pantura Barat,127
2023,3216,KABUPATEN BEKASI,ALAM,10,False,Pantura Barat,37
2023,3216,KABUPATEN BEKASI,BUDAYA,2,False,Pantura Barat,37
2023,3216,KABUPATEN BEKASI,BUATAN,25,False,Pantura Barat,37
2023,3217,KABUPATEN BANDUNG BARAT,ALAM,74,False,Priangan Barat,163
2023,3217,KABUPATEN BANDUNG BARAT,BUDAYA,19,False,Priangan Barat,163
2023,3217,KABUPATEN BANDUNG BARAT,BUATAN,70,False,Priangan Barat,163
2023,3218,KABUPATEN PANGANDARAN,ALAM,233,False,Priangan Timur,389
2023,3218,KABUPATEN PANGANDARAN,BUDAYA,103,False,Priangan Timur,389
2023,3218,KABUPATEN PANGANDARAN,BUATAN,53,False,Priangan Timur,389
2023,3271,KOTA BOGOR,ALAM,9,False,Bogor-Sukabumi,38
2023,3271,KOTA BOGOR,BUDAYA,20,False,Bogor-Sukabumi,38
2023,3271,KOTA BOGOR,BUATAN,9,False,Bogor-Sukabumi,38
2023,3272,KOTA SUKABUMI,ALAM,3,False,Bogor-Sukabumi,17
2023,3272,KOTA SUKABUMI,BUDAYA,3,False,Bogor-Sukabumi,17
2023,3272,KOTA SUKABUMI,BUATAN,11,False,Bogor-Sukabumi,17
2023,3273,KOTA BANDUNG,ALAM,10,False,Priangan Barat,68
2023,3273,KOTA BANDUNG,BUDAYA,10,False,Priangan Barat,68
2023,3273,KOTA BANDUNG,BUATAN,48,False,Priangan Barat,68
2023,3274,KOTA CIREBON,ALAM,1,False,Pantura Timur,17
2023,3274,KOTA CIREBON,BUDAYA,14,False,Pantura Timur,17
2023,3274,KOTA CIREBON,BUATAN,2,False,Pantura Timur,17
2023,3275,KOTA BEKASI,ALAM,3,False,Pantura Barat,60
2023,3275,KOTA BEKASI,BUDAYA,18,False,Pantura Barat,60
2023,3275,KOTA BEKASI,BUATAN,39,False,Pantura Barat,60
2023,3276,KOTA DEPOK,ALAM,22,False,Pantura Barat,90
2023,3276,KOTA DEPOK,BUDAYA,48,False,Pantura Barat,90
2023,3276,KOTA DEPOK,BUATAN,20,False,Pantura Barat,90
2023,3277,KOTA CIMAHI,ALAM,3,False,Priangan Barat,9
2023,3277,KOTA CIMAHI,BUDAYA,2,False,Priangan Barat,9
2023,3277,KOTA CIMAHI,BUATAN,4,False,Priangan Barat,9
2023,3278,KOTA TASIKMALAYA,ALAM,6,False,Priangan Timur,46
2023,3278,KOTA TASIKMALAYA,BUDAYA,26,False,Priangan Timur,46
2023,3278,KOTA TASIKMALAYA,BUATAN,14,False,Priangan Timur,46
2023,3279,KOTA BANJAR,ALAM,13,False,Priangan Timur,27
2023,3279,KOTA BANJAR,BUDAYA,3,False,Priangan Timur,27
2023,3279,KOTA BANJAR,BUATAN,11,False,Priangan Timur,27
2024,3201,KABUPATEN BOGOR,ALAM,121,False,Bogor-Sukabumi,317
2024,3201,KABUPATEN BOGOR,BUDAYA,135,False,Bogor-Sukabumi,317
2024,3201,KABUPATEN BOGOR,BUATAN,61,False,Bogor-Sukabumi,317
2024,3202,KABUPATEN SUKABUMI,ALAM,61,False,Bogor-Sukabumi,79
2024,3202,KABUPATEN SUKABUMI,BUDAYA,9,False,Bogor-Sukabumi,79
2024,3202,KABUPATEN SUKABUMI,BUATAN,9,False,Bogor-Sukabumi,79
2024,3203,KABUPATEN CIANJUR,ALAM,103,False,Priangan Barat,156
2024,3203,KABUPATEN CIANJUR,BUDAYA,21,False,Priangan Barat,156
2024,3203,KABUPATEN CIANJUR,BUATAN,32,False,Priangan Barat,156
2024,3204,KABUPATEN BANDUNG,ALAM,77,False,Priangan Barat,313
2024,3204,KABUPATEN BANDUNG,BUDAYA,175,False,Priangan Barat,313
2024,3204,KABUPATEN BANDUNG,BUATAN,61,False,Priangan Barat,313
2024,3205,KABUPATEN GARUT,ALAM,115,False,Priangan Timur,226
2024,3205,KABUPATEN GARUT,BUDAYA,40,False,Priangan Timur,226
2024,3205,KABUPATEN GARUT,BUATAN,71,False,Priangan Timur,226
2024,3206,KABUPATEN TASIKMALAYA,ALAM,110,False,Priangan Timur,116
2024,3206,KABUPATEN TASIKMALAYA,BUDAYA,2,False,Priangan Timur,116
2024,3206,KABUPATEN TASIKMALAYA,BUATAN,4,False,Priangan Timur,116
2024,3207,KABUPATEN CIAMIS,ALAM,16,False,Priangan Timur,50
2024,3207,KABUPATEN CIAMIS,BUDAYA,10,False,Priangan Timur,50
2024,3207,KABUPATEN CIAMIS,BUATAN,24,False,Priangan Timur,50
2024,3208,KABUPATEN KUNINGAN,ALAM,117,False,Pantura Timur,161
2024,3208,KABUPATEN KUNINGAN,BUDAYA,14,False,Pantura Timur,161
2024,3208,KABUPATEN KUNINGAN,BUATAN,30,False,Pantura Timur,161
2024,3209,KABUPATEN CIREBON,ALAM,7,False,Pantura Timur,17
2024,3209,KABUPATEN CIREBON,BUDAYA,7,False,Pantura Timur,17
2024,3209,KABUPATEN CIREBON,BUATAN,3,False,Pantura Timur,17
2024,3210,KABUPATEN MAJALENGKA,ALAM,118,False,Pantura Timur,204
2024,3210,KABUPATEN MAJALENGKA,BUDAYA,39,False,Pantura Timur,204
2024,3210,KABUPATEN MAJALENGKA,BUATAN,47,False,Pantura Timur,204
2024,3211,KABUPATEN SUMEDANG,ALAM,31,False,Priangan Barat,105
2024,3211,KABUPATEN SUMEDANG,BUDAYA,11,False,Priangan Barat,105
2024,3211,KABUPATEN SUMEDANG,BUATAN,63,False,Priangan Barat,105
2024,3212,KABUPATEN INDRAMAYU,ALAM,13,False,Pantura Timur,37
2024,3212,KABUPATEN INDRAMAYU,BUDAYA,12,False,Pantura Timur,37
2024,3212,KABUPATEN INDRAMAYU,BUATAN,12,False,Pantura Timur,37
2024,3213,KABUPATEN SUBANG,ALAM,68,False,Pantura Barat,83
2024,3213,KABUPATEN SUBANG,BUDAYA,1,False,Pantura Barat,83
2024,3213,KABUPATEN SUBANG,BUATAN,14,False,Pantura Barat,83
2024,3214,KABUPATEN PURWAKARTA,ALAM,26,False,Pantura Barat,64
2024,3214,KABUPATEN PURWAKARTA,BUDAYA,10,False,Pantura Barat,64
2024,3214,KABUPATEN PURWAKARTA,BUATAN,28,False,Pantura Barat,64
2024,3215,KABUPATEN KARAWANG,ALAM,50,False,Pantura Barat,127
2024,3215,KABUPATEN KARAWANG,BUDAYA,39,False,Pantura Barat,127
2024,3215,KABUPATEN KARAWANG,BUATAN,38,False,Pantura Barat,127
2024,3216,KABUPATEN BEKASI,ALAM,14,False,Pantura Barat,57
2024,3216,KABUPATEN BEKASI,BUDAYA,2,False,Pantura Barat,57
2024,3216,KABUPATEN BEKASI,BUATAN,41,False,Pantura Barat,57
2024,3217,KABUPATEN BANDUNG BARAT,ALAM,79,False,Priangan Barat,169
2024,3217,KABUPATEN BANDUNG BARAT,BUDAYA,19,False,Priangan Barat,169
2024,3217,KABUPATEN BANDUNG BARAT,BUATAN,71,False,Priangan Barat,169
2024,3218,KABUPATEN PANGANDARAN,ALAM,233,False,Priangan Timur,390
2024,3218,KABUPATEN PANGANDARAN,BUDAYA,103,False,Priangan Timur,390
2024,3218,KABUPATEN PANGANDARAN,BUATAN,54,False,Priangan Timur,390
2024,3271,KOTA BOGOR,ALAM,9,False,Bogor-Sukabumi,38
2024,3271,KOTA BOGOR,BUDAYA,20,False,Bogor-Sukabumi,38
2024,3271,KOTA BOGOR,BUATAN,9,False,Bogor-Sukabumi,38
2024,3272,KOTA SUKABUMI,ALAM,3,False,Bogor-Sukabumi,17
2024,3272,KOTA SUKABUMI,BUDAYA,3,False,Bogor-Sukabumi,17
2024,3272,KOTA SUKABUMI,BUATAN,11,False,Bogor-Sukabumi,17
2024,3273,KOTA BANDUNG,ALAM,10,False,Priangan Barat,68
2024,3273,KOTA BANDUNG,BUDAYA,10,False,Priangan Barat,68
2024,3273,KOTA BANDUNG,BUATAN,48,False,Priangan Barat,68
2024,3274,KOTA CIREBON,ALAM,1,False,Pantura Timur,17
2024,3274,KOTA CIREBON,BUDAYA,14,False,Pantura Timur,17
2024,3274,KOTA CIREBON,BUATAN,2,False,Pantura Timur,17
2024,3275,KOTA BEKASI,ALAM,3,False,Pantura Barat,60
2024,3275,KOTA BEKASI,BUDAYA,18,False,Pantura Barat,60
2024,3275,KOTA BEKASI,BUATAN,39,False,Pantura Barat,60
2024,3276,KOTA DEPOK,ALAM,19,False,Pantura Barat,84
2024,3276,KOTA DEPOK,BUDAYA,48,False,Pantura Barat,84
2024,3276,KOTA DEPOK,BUATAN,17,False,Pantura Barat,84
2024,3277,KOTA CIMAHI,ALAM,3,False,Priangan Barat,9
2024,3277,KOTA CIMAHI,BUDAYA,2,False,Priangan Barat,9
2024,3277,KOTA CIMAHI,BUATAN,4,False,Priangan Barat,9
2024,3278,KOTA TASIKMALAYA,ALAM,14,False,Priangan Timur,51
2024,3278,KOTA TASIKMALAYA,BUDAYA,26,False,Priangan Timur,51
2024,3278,KOTA TASIKMALAYA,BUATAN,11,False,Priangan Timur,51
2024,3279,KOTA BANJAR,ALAM,9,False,Priangan Timur,24
2024,3279,KOTA BANJAR,BUDAYA,3,False,Priangan Timur,24
2024,3279,KOTA BANJAR,BUATAN,12,False,Priangan Timur,24
